Camisa ;com manga;ACDC ANGUS;;AC/DC;;Camisa com manga Acdc Angus;;;139;12,5;25;;G_CM_ACDC_ANGUS;;CMCMP00216,CMCMM00288,CMCMG00290,CMCMGG00212
Camisa ;Baby Look;ACDC BACK IN BLACK;;AC/DC;;Camisa Baby Look Acdc Back In Black;;;10;10;20;;G_BL_ACDC_BACK_IN_BLACK;;CMBLG00014,CMBLGG00004
Camisa ;com manga;ACDC BACK IN BLACK;;AC/DC;;Camisa com manga Acdc Back In Black;;;10;12;25;;G_CM_ACDC_BACK_IN_BLACK;;CMCMPP00008,CMCMP00228,CMCMM00308,CMCMG00311,CMCMGG00231
Camisa ;com manga;ACDC BLACK ICE;;AC/DC;;Camisa com manga Acdc Black Ice;;;13;12,5;25;;G_CM_ACDC_BLACK_ICE;;CMCMP00177,CMCMM00173,CMCMG00171,CMCMGG00113
Camisa ;com manga;ACDC CANHAO BRANCA;;AC/DC;;Camisa com manga Acdc Canhao Branca;;;15;12,5;25;;G_CM_ACDC_CANHAO_BRANCA;;CMCMP00179,CMCMM00175,CMCMG00173,CMCMGG00114
Camisa ;com manga;ACDC HELLS BELLS;;AC/DC;;Camisa com manga Acdc Hells Bells;;;296;12,5;25;;G_CM_ACDC_HELLS_BELLS;;CMCMP00193,CMCMM00224,CMCMG00225,CMCMGG00159,CMCMXGG00006
Camisa ;com manga;ACDC HIGHWAY;;AC/DC;;Camisa com manga Acdc Highway;;;353;12,5;25;;G_CM_ACDC_HIGHWAY;;CMCMP00197,CMCMM00240,CMCMG00242,CMCMG00241,CMCMGG00175
Camisa ;com manga;ALICE CACHORRO;;Alice in Chains;;Camisa com manga Alice Cachorro;;;305;12,5;25;;G_CM_ALICE_CACHORRO;;CMCMM00226,CMCMG00227,CMCMGG00161
Camisa ;com manga;ALICE IN CHAINS CAVEIRA COLORIDA;;Alice in Chains;;Camisa com manga Alice In Chains Caveira Colorida;;;768;11;25;;G_CM_ALICE_IN_CHAINS_CAVEIRA_COLORIDA;;CMCMP00130,CMCMM00128,CMCMG00125,CMCMGG00072
Camisa ;com manga;ALICE IN CHAINS CAVEIRA P/B;;Alice in Chains;;Camisa com manga Alice In Chains Caveira P/b;;;769;10,5;20;;G_CM_ALICE_IN_CHAINS_CAVEIRA_P/B;;CMCMP00131,CMCMM00129,CMCMG00126,CMCMGG00073
Camisa ;com manga;ALICE IN CHAINS SOL;;Alice in Chains;;Camisa com manga Alice In Chains Sol;;;584;10,5;20;;G_CM_ALICE_IN_CHAINS_SOL;;CMCMP00100,CMCMP00140,CMCMM00099,CMCMG00097
Camisa ;com manga;AMON AMARTH CINZA;;Amon Amarth;;Camisa com manga Amon Amarth Cinza;;;274;12,5;25;;G_CM_AMON_AMARTH_CINZA;;CMCMM00218,CMCMG00219,CMCMGG00153
Camisa ;com manga;AMON AMARTH MARTELO;;Amon Amarth;;Camisa com manga Amon Amarth Martelo;;;167;12,5;25;;G_CM_AMON_AMARTH_MARTELO;;CMCMM00208,CMCMG00209,CMCMGG00143
Camisa ;com manga;AMON AMARTH VERSUS;;Amon Amarth;;Camisa com manga Amon Amarth Versus;;;56;12;25;;G_CM_AMON_AMARTH_VERSUS;;CMCMM00343,CMCMG00351,CMCMGG00270
Camisa ;com manga;AMY CAVEIRA;;Amy Winehouse;;Camisa com manga Amy Caveira;;;269;12,5;25;;G_CM_AMY_CAVEIRA;;CMCMP00165,CMCMM00162,CMCMG00159,CMCMGG00102
Camisa ;com manga;ANGRA ANJO;;Angra;;Camisa com manga Angra Anjo;;;333;11;25;;G_CM_ANGRA_ANJO;;CMCMP00054,CMCMM00054,CMCMG00054,CMCMGG00078
Camisa ;com manga;ANGRA TEMPLE;;Angra;;Camisa com manga Angra Temple;;;56;12,5;25;;G_CM_ANGRA_TEMPLE;;CMCMM00266,CMCMG00267,CMCMGG00198
Camisa ;com manga;ANTHRAX LAW;;Anthrax;;Camisa com manga Anthrax Law;;;10;12,5;25;;G_CM_ANTHRAX_LAW;;CMCMM00249,CMCMG00251,CMCMGG00184
Camisa ;com manga;ARTIC MONKEYS;;Artic Monkeys;;Camisa com manga Artic Monkeys;;;633;11;25;;G_CM_ARTIC_MONKEYS;;CMCMP00112,CMCMM00110
Camisa ;com manga;ASKING;;Asking Alexandria;;Camisa com manga Asking;;;75;12,5;25;;G_CM_ASKING;;CMCMM00182,CMCMG00180
Camisa ;com manga;ASSASSINS CREED;;Games;;Camisa com manga Assassins Creed;;;301;12;25;;G_CM_ASSASSINS_CREED;;CMCMP00300,CMCMM00363,CMCMG00371,CMCMGG00288
Camisa ;com manga;AVENGED BANDA AMARELA;;Avenged Sevenfold;;Camisa com manga Avenged Banda Amarela;;;2;12,5;25;;G_CM_AVENGED_BANDA_AMARELA;;CMCMP00178,CMCMM00174,CMCMG00172
Camisa ;com manga;AVENGED NIGHTMARE;;Avenged Sevenfold;;Camisa com manga Avenged Nightmare;;;118;12,5;25;;G_CM_AVENGED_NIGHTMARE;;CMCMP00208,CMCMM00276,CMCMG00277,CMCMGG00205
Camisa ;Baby Look;AVENGED TRADICIONAL;;Avenged Sevenfold;;Camisa Baby Look Avenged Tradicional;;;;10;20;;G_BL_AVENGED_TRADICIONAL;;CMBLG00044,CMBLGG00013
Camisa ;com manga;AVENGED TRADICONAL;;Avenged Sevenfold;;Camisa com manga Avenged Tradiconal;;;;11;25;;G_CM_AVENGED_TRADICONAL;;CMCMP00233,CMCMM00313,CMCMG00316,CMCMGG00236
Camisa ;com manga;BAD RELIGION CRUZ;;Bad Religion;;Camisa com manga Bad Religion Cruz;;;550;10,5;25;;G_CM_BAD_RELIGION_CRUZ;;CMCMP00094,CMCMM00094,CMCMG00090
Camisa ;com manga;BATERIA BRANCA;;Instrumentos Musicais;;Camisa com manga Bateria Branca;;;161B;12,5;25;;G_CM_BATERIA_BRANCA;;CMCMP00167,CMCMM00164,CMCMG00161,CMCMGG00104
Camisa ;com manga;BATERIA PRETA;;Instrumentos Musicais;;Camisa com manga Bateria Preta;;;161;12,5;25;;G_CM_BATERIA_PRETA;;CMCMP00166,CMCMM00163,CMCMG00160,CMCMGG00103
Camisa ;com manga;BATHORY;;Bathory;;Camisa com manga Bathory;;;374;10,5;25;;G_CM_BATHORY;;CMCMP00071,CMCMM00071,CMCMG00071,CMCMGG00042
Camisa ;Baby Look;BAZINGA;;The Big Bang Theory;;Camisa Baby Look Bazinga;;;;10;20;;G_BL_BAZINGA;;CMBLG00020,CMBLGG00008
Camisa ;com manga;BAZINGA;;The Big Bang Theory;;Camisa com manga Bazinga;;;13;12;25;;G_CM_BAZINGA;;CMCMPP00012,CMCMP00285,CMCMM00340,CMCMG00344,CMCMG00341,CMCMGG00265
Camisa ;com manga;BEATLES AVIAO;;Beatles;;Camisa com manga Beatles Aviao;;;19;12,5;25;;G_CM_BEATLES_AVIAO;;CMCMP00180,CMCMM00176,CMCMG00174,CMCMGG00115
Camisa ;com manga;BEATLES BANDA BRANCA;;Beatles;;Camisa com manga Beatles Banda Branca;;;93;12,5;25;;G_CM_BEATLES_BANDA_BRANCA;;CMCMP00183,CMCMM00183,CMCMG00181,CMCMGG00120
Camisa ;com manga;BEATLES ROAD ATRAVESSANDO;;Beatles;;Camisa com manga Beatles Road Atravessando;;;134;12,5;25;;G_CM_BEATLES_ROAD_ATRAVESSANDO;;CMCMP00213,CMCMM00284,CMCMG00286,CMCMGG00208
Camisa ;Baby Look;BEATLES SGT PEPPERS;;Beatles;;Camisa Baby Look Beatles Sgt Peppers;;;;10;20;;G_BL_BEATLES_SGT_PEPPERS;;CMBLG00042,CMBLGG00011
Camisa ;com manga;BEATLES SGT PEPPERS;;Beatles;;Camisa com manga Beatles Sgt Peppers;;;;11;25;;G_CM_BEATLES_SGT_PEPPERS;;CMCMP00234,CMCMM00314,CMCMG00317,CMCMGG00237
Camisa ;Baby Look;BEATLES SUBMARINO AMARELO;;Beatles;;Camisa Baby Look Beatles Submarino Amarelo;;;3;10;20;;G_BL_BEATLES_SUBMARINO_AMARELO;;CMBLG00018,CMBLGG00007
Camisa ;com manga;BEATLES YELLOW;;Beatles;;Camisa com manga Beatles Yellow;;;3;11;25;;G_CM_BEATLES_YELLOW;;CMCMPP00003,CMCMP00235,CMCMM00303,CMCMG00306,CMCMGG00226
Camisa ;com manga;BEZERRA;;Bezerra da Silva;;Camisa com manga Bezerra;;;S01;12,5;25;;G_CM_BEZERRA;;CMCMP00149,CMCMM00149,CMCMG00144,CMCMGG00087
Camisa ;com manga;BLACK LABEL SOCIETY PROFANUS;;Black Label Society;;Camisa com manga Black Label Society Profanus;;;273;12,5;25;;G_CM_BLACK_LABEL_SOCIETY_PROFANUS;;CMCMM00217,CMCMG00218,CMCMGG00152
Camisa ;com manga;BLACK LABEL SOCIETY SIMBOLO;;Black Label Society;;Camisa com manga Black Label Society Simbolo;;;763;10,5;25;;G_CM_BLACK_LABEL_SOCIETY_SIMBOLO;;CMCMP00127,CMCMM00125,CMCMG00122,CMCMGG00069
Camisa ;com manga;BLACK SABBATH BANDA OZZY;;Black Sabbath;;Camisa com manga Black Sabbath Banda Ozzy;;;138;12,5;25;;G_CM_BLACK_SABBATH_BANDA_OZZY;;CMCMM00207,CMCMG00208,CMCMGG00142
Camisa ;com manga;BLACK SABBATH BANDA OZZY BRANCA;;Black Sabbath;;Camisa com manga Black Sabbath Banda Ozzy Branca;;;360;12,5;25;;G_CM_BLACK_SABBATH_BANDA_OZZY_BRANCA;;CMCMM00185,CMCMG00183,CMCMGG00122,CMCMXGG00010
Camisa ;com manga;BLACK SABBATH CARICATURA BRANCA;;Black Sabbath;;Camisa com manga Black Sabbath Caricatura Branca;;;357;12;25;;G_CM_BLACK_SABBATH_CARICATURA_BRANCA;;CMCMM00330,CMCMG00333,CMCMGG00253
Camisa ;com manga;BLACK SABBATH COM DIO;;Black Sabbath;;Camisa com manga Black Sabbath Com Dio;;;138;12,5;25;;G_CM_BLACK_SABBATH_COM_DIO;;CMCMM00287,CMCMG00289,CMCMGG00211
Camisa ;com manga;BLACK SABBATH HEAVEN;;Black Sabbath;;Camisa com manga Black Sabbath Heaven;;;341;12,5;25;;G_CM_BLACK_SABBATH_HEAVEN;;CMCMM00235,CMCMG00236,CMCMGG00170,CMCMXGG00007
Camisa ;com manga;BLACK SABBATH MOB RULES;;Black Sabbath;;Camisa com manga Black Sabbath Mob Rules;;;188;12,5;25;;G_CM_BLACK_SABBATH_MOB_RULES;;CMCMM00210,CMCMG00211,CMCMGG00145
Camisa ;com manga;BLACK SABBATH ROXA;;Black Sabbath;;Camisa com manga Black Sabbath Roxa;;;346;11;25;;G_CM_BLACK_SABBATH_ROXA;;CMCMP00059,CMCMM00059,CMCMG00059,CMCMGG00039
Camisa ;com manga;BLACK SABBATH US TOUR;;Black Sabbath;;Camisa com manga Black Sabbath Us Tour;;;78;12;25;;G_CM_BLACK_SABBATH_US_TOUR;;CMCMM00334,CMCMG00337,CMCMXGG00004
Camisa ;com manga;BLACK SABBATH VOL 4;;Black Sabbath;;Camisa com manga Black Sabbath Vol 4;;;128;10,5;25;;G_CM_BLACK_SABBATH_VOL_4;;CMCMP00029,CMCMM00028,CMCMG00029,CMCMGG00049,CMCMGG00023
Camisa ;com manga;BLEACH BRANCA VIRUS;;Bleach;;Camisa com manga Bleach Branca Virus;;;133;12;25;;G_CM_BLEACH_BRANCA_VIRUS;;CMCMP00287,CMCMM00348,CMCMG00355,CMCMGG00274
Camisa ;com manga;BLEACH PRETA HCD;;Bleach;;Camisa com manga Bleach Preta Hcd;;;295;12;25;;G_CM_BLEACH_PRETA_HCD;;CMCMP00294,CMCMM00355,CMCMG00363,CMCMGG00280
Camisa ;com manga;BLIND GUARDIAN;;Blind Guardian;;Camisa com manga Blind Guardian;;;107;12,5;25;;G_CM_BLIND_GUARDIAN;;CMCMM00199,CMCMG00197,CMCMGG00249
Camisa ;com manga;BON JOVI LOGO;;Bon Jovi;;Camisa com manga Bon Jovi Logo;;;779;11;25;;G_CM_BON_JOVI_LOGO;;CMCMP00137,CMCMM00135,CMCMG00133,CMCMGG00076
Camisa ;com manga;BURZUM DET SOM;;Burzum;;Camisa com manga Burzum Det Som;;;249;12,5;25;;G_CM_BURZUM_DET_SOM;;CMCMM00216,CMCMG00217,CMCMGG00151
Camisa ;com manga;BURZUM FILOSOFEN;;Burzum;;Camisa com manga Burzum Filosofen;;;8;12,5;25;;G_CM_BURZUM_FILOSOFEN;;CMCMM00202,CMCMG00200,CMCMGG00137
Camisa ;com manga;CANDEIA;;Candeia;;Camisa com manga Candeia;;;S05;12,5;25;;G_CM_CANDEIA;;CMCMP00199,CMCMM00256,CMCMG00257,CMCMGG00191
Camisa ;com manga;CANNIBAL CORPSE THE WRETCHED;;Cannibal Corpse;;Camisa com manga Cannibal Corpse The Wretched;;;281;12,5;25;;G_CM_CANNIBAL_CORPSE_THE_WRETCHED;;CMCMM00220,CMCMG00221,CMCMGG00155
Camisa ;com manga;CANNIBAL CORPSES ESCRITO;;Cannibal Corpse;;Camisa com manga Cannibal Corpses Escrito;;;446;10,5;20;;G_CM_CANNIBAL_CORPSES_ESCRITO;;CMCMM00098,CMCMG00095
Camisa ;com manga;CANNIBAL ESVICERATION;;Cannibal Corpse;;Camisa com manga Cannibal Esviceration;;;106;12,5;25;;G_CM_CANNIBAL_ESVICERATION;;CMCMM00197,CMCMG00195,CMCMGG00131
Camisa ;com manga;CARPA;;Tattoo;;Camisa com manga Carpa;;;290;12,5;25;;G_CM_CARPA;;CMCMP00205,CMCMM00262,CMCMG00263,CMCMGG00196
Camisa ;com manga;CARTOLA CAFE;;Cartola;;Camisa com manga Cartola Cafe;;;S03;12,5;25;;G_CM_CARTOLA_CAFE;;CMCMP00152,CMCMM00154,CMCMG00148,CMCMGG00091
Camisa ;com manga;CARTOLA VIOLAO;;Cartola;;Camisa com manga Cartola Violao;;;S 07;12;25;;G_CM_CARTOLA_VIOLAO;;CMCMP00248,CMCMM00322,CMCMG00326,CMCMGG00246
Camisa ;com manga;CAVEIRA BATERISTA;;Caveira;;Camisa com manga Caveira Baterista;;;285;12,5;25;;G_CM_CAVEIRA_BATERISTA;;CMCMP00201,CMCMM00258,CMCMG00259,CMCMGG00193
Camisa ;com manga;CAVEIRA CHAPEU RAY;;Caveira;;Camisa com manga Caveira Chapeu Ray;;;279;12,5;25;;G_CM_CAVEIRA_CHAPEU_RAY;;CMCMP00171,CMCMM00168,CMCMG00165,CMCMGG00108
Camisa ;com manga;CAVEIRA FONE;;Caveira;;Camisa com manga Caveira Fone;;;284;12,5;25;;G_CM_CAVEIRA_FONE;;CMCMP00164,CMCMM00161,CMCMG00158,CMCMGG00101
Camisa ;com manga;CAVEIRA GUITARRA MACHADO;;Caveira;;Camisa com manga Caveira Guitarra Machado;;;230;12,5;25;;G_CM_CAVEIRA_GUITARRA_MACHADO;;CMCMP00155,CMCMM00146,CMCMG00142,CMCMGG00085
Camisa ;com manga;CAVEIRA MEXICANA COLORIDA;;Caveira;;Camisa com manga Caveira Mexicana Colorida;;;286;12,5;25;;G_CM_CAVEIRA_MEXICANA_COLORIDA;;CMCMP00202,CMCMM00259,CMCMG00260,CMCMGG00194
Camisa ;com manga;CAVEIRA MEXICANA COLORIDA BRANCA;;Caveira;;Camisa com manga Caveira Mexicana Colorida Branca;;;286;13;25;;G_CM_CAVEIRA_MEXICANA_COLORIDA_BRANCA;;CMCMP00306,CMCMM00370,CMCMG00378,CMCMGG00296
Camisa ;com manga;CAVEIRA MEXICANA P/B;;Caveira;;Camisa com manga Caveira Mexicana P/b;;;287;12,5;25;;G_CM_CAVEIRA_MEXICANA_P/B;;CMCMP00203,CMCMM00260,CMCMG00261,CMCMGG00195
Camisa ;com manga;CAVEIRA MEXICANA ROSAS;;Caveira;;Camisa com manga Caveira Mexicana Rosas;;;307;12;25;;G_CM_CAVEIRA_MEXICANA_ROSAS;;CMCMP00299,CMCMM00361,CMCMG00369,CMCMGG00286
Camisa ;com manga;CAVEIRA MOTO CINZA;;Caveira;;Camisa com manga Caveira Moto Cinza;;;278;12,5;25;;G_CM_CAVEIRA_MOTO_CINZA;;CMCMP00170,CMCMM00167,CMCMG00169,CMCMGG00107
Camisa ;com manga;CAVEIRA MOTO FOGO;;Caveira;;Camisa com manga Caveira Moto Fogo;;;;12;25;;G_CM_CAVEIRA_MOTO_FOGO;;CMCMP00250,CMCMM00325,CMCMG00328,CMCMGG00248
Camisa ;com manga;CAVEIRA TRONO;;Caveira;;Camisa com manga Caveira Trono;;;256;12,5;25;;G_CM_CAVEIRA_TRONO;;CMCMP00173,CMCMM00170,CMCMG00167,CMCMGG00110
Camisa ;com manga;CHUCKY;;Terror;;Camisa com manga Chucky;;;166;12,5;25;;G_CM_CHUCKY;;CMCMP00168,CMCMM00165,CMCMG00162,CMCMGG00105
Camisa ;com manga;CORINGA CABELO VERDE;;Quadrinhos;;Camisa com manga Coringa Cabelo Verde;;;198;12,5;25;;G_CM_CORINGA_CABELO_VERDE;;CMCMP00158,CMCMM00153,CMCMG00147,CMCMGG00090
Camisa ;com manga;CORINGA CARTA;;Quadrinhos;;Camisa com manga Coringa Carta;;;144;12,5;25;;G_CM_CORINGA_CARTA;;CMCMP00218,CMCMM00291,CMCMG00293,CMCMGG00214
Camisa ;com manga;CURE BOYS;;The Cure;;Camisa com manga Cure Boys;;;311;12;25;;G_CM_CURE_BOYS;;CMCMM00365,CMCMGG00290
Camisa ;com manga;DARK SIDE VADER;;Pink Floyd;;Camisa com manga Dark Side Vader;;;791;11;25;;G_CM_DARK_SIDE_VADER;;CMCMP00144,CMCMM00143,CMCMG00152,CMCMGG00082
Camisa ;com manga;DARK THRONE;;Darkthrone;;Camisa com manga Dark Throne;;;387;10,5;25;;G_CM_DARK_THRONE;;CMCMP00075,CMCMM00074,CMCMG00073
Camisa ;com manga;DARTH VADER BRANCA;;Star Wars;;Camisa com manga Darth Vader Branca;;;208;12,5;25;;G_CM_DARTH_VADER_BRANCA;;CMCMP00150,CMCMM00150,CMCMG00151,CMCMGG00095
Camisa ;com manga;DAVID CAVEIRA;;David Bowie;;Camisa com manga David Caveira;;;270;12,5;25;;G_CM_DAVID_CAVEIRA;;CMCMP00161,CMCMM00158,CMCMG00155,CMCMGG00098
Camisa ;com manga;DEATH LOGO;;Death;;Camisa com manga Death Logo;;;28;12,5;25;;G_CM_DEATH_LOGO;;CMCMM00204,CMCMG00205,CMCMGG00139
Camisa ;com manga;DEATH NOTE BRANCA VIRUS;;Death Note;;Camisa com manga Death Note Branca Virus;;;137;12;25;;G_CM_DEATH_NOTE_BRANCA_VIRUS;;CMCMP00288,CMCMM00349,CMCMG00356,CMCMGG00295
Camisa ;com manga;DEATH NOTE PRETA HCD;;Death Note;;Camisa com manga Death Note Preta Hcd;;;296;12;25;;G_CM_DEATH_NOTE_PRETA_HCD;;CMCMM00354,CMCMG00362,CMCMGG00279
Camisa ;com manga;DEEP PURPLE IN ROCK;;Deep Purple;;Camisa com manga Deep Purple In Rock;;;367;12;25;;G_CM_DEEP_PURPLE_IN_ROCK;;CMCMM00329,CMCMG00332,CMCMGG00252
Camisa ;com manga;DEF LEPPARD PYROMANIA;;Def Leppard;;Camisa com manga Def Leppard Pyromania;;;343;12,5;25;;G_CM_DEF_LEPPARD_PYROMANIA;;CMCMM00236,CMCMG00237,CMCMGG00171
Camisa ;com manga;DEICEIDE TO HELL;;Deicide;;Camisa com manga Deiceide To Hell;;;13;12,5;25;;G_CM_DEICEIDE_TO_HELL;;CMCMM00250,CMCMG00252,CMCMGG00185
Camisa ;com manga;DESTRUCTION;;Destruction;;Camisa com manga Destruction;;;37;12,5;25;;G_CM_DESTRUCTION;;CMCMM00241,CMCMG00243,CMCMGG00176
Camisa ;com manga;DIMMU BORGIR PENTAGRAMA;;Dimmu Borgir;;Camisa com manga Dimmu Borgir Pentagrama;;;418;10,5;25;;G_CM_DIMMU_BORGIR_PENTAGRAMA;;CMCMP00082,CMCMM00081,CMCMG00080
Camisa ;com manga;DIO HOLY DIVER;;Dio;;Camisa com manga Dio Holy Diver;;;60;12;25;;G_CM_DIO_HOLY_DIVER;;CMCMM00346,CMCMG00353,CMCMGG00272,CMCMXGG00003
Camisa ;com manga;DISTURBED;;Disturbed;;Camisa com manga Disturbed;;;311;12,5;25;;G_CM_DISTURBED;;CMCMM00229,CMCMG00230,CMCMGG00164
Camisa ;com manga;DOORS AZUL;;The Doors;;Camisa com manga Doors Azul;;;22;11;25;;G_CM_DOORS_AZUL;;CMCMP00004,CMCMM00004,CMCMG00005,CMCMGG00003
Camisa ;com manga;DREAM THEATER AWAKEN;;Dream Theater;;Camisa com manga Dream Theater Awaken;;;359;10,5;25;;G_CM_DREAM_THEATER_AWAKEN;;CMCMP00066,CMCMM00066,CMCMG00066
Camisa ;com manga;DREAM THEATER BLACK CLOUDS;;Dream Theater;;Camisa com manga Dream Theater Black Clouds;;;109;12,5;25;;G_CM_DREAM_THEATER_BLACK_CLOUDS;;CMCMM00200,CMCMG00198,CMCMGG00136
Camisa ;com manga;DREAM THEATER METROPOLIS;;Dream Theater;;Camisa com manga Dream Theater Metropolis;;;20;12,5;25;;G_CM_DREAM_THEATER_METROPOLIS;;CMCMM00263,CMCMG00264,CMCMGG00197
Camisa ;com manga;DRI AZUL;;DRI;;Camisa com manga Dri Azul;;;26;12,5;25;;G_CM_DRI_AZUL;;CMCMM00298,CMCMG00300,CMCMGG00221
Camisa ;com manga;DRI BRANCA;;DRI;;Camisa com manga Dri Branca;;;227;12,5;25;;G_CM_DRI_BRANCA;;CMCMM00212,CMCMG00213,CMCMGG00147
Camisa ;com manga;ENGENHEIROS AZUL;;Engenheiros do Hawaii;;Camisa com manga Engenheiros Azul;;;751;10,5;25;;G_CM_ENGENHEIROS_AZUL;;CMCMP00121,CMCMM00119,CMCMG00116,CMCMGG00066
Camisa ;com manga;EVANESCENCE BANDA NOVA MASTER;;Evanescence;;Camisa com manga Evanescence Banda Nova Master;;;127;12,5;25;;G_CM_EVANESCENCE_BANDA_NOVA_MASTER;;CMCMM00282,CMCMG00283
Camisa ;com manga;EVANESCENCE BANDA VELHA AZUL;;Evanescence;;Camisa com manga Evanescence Banda Velha Azul;;;44;12,5;25;;G_CM_EVANESCENCE_BANDA_VELHA_AZUL;;CMCMM00264,CMCMG00265
Camisa ;com manga;EVANESCENCE OLHOS AZUIS;;Evanescence;;Camisa com manga Evanescence Olhos Azuis;;;431;10,5;25;;G_CM_EVANESCENCE_OLHOS_AZUIS;;CMCMP00085,CMCMM00084
Camisa ;com manga;EXODUS BLACK ANGEL;;Exodus;;Camisa com manga Exodus Black Angel;;;1;12,5;25;;G_CM_EXODUS_BLACK_ANGEL;;CMCMM00242,CMCMG00244,CMCMGG00177,CMCMGG00189
Camisa ;com manga;FENDER;;Guitarra;;Camisa com manga Fender;;;455;11;25;;G_CM_FENDER;;CMCMP00093,CMCMM00093,CMCMG00096
Camisa ;com manga;FOO FIGHTERS;;Foo Fighters;;Camisa com manga Foo Fighters;;;233;10,5;25;;G_CM_FOO_FIGHTERS;;CMCMP00042,CMCMM00041,CMCMG00042
Camisa ;com manga;GAMES DRAGAO;;Game of Thrones;;Camisa com manga Games Dragao;;;2;11;25;;G_CM_GAMES_DRAGAO;;CMCMPP00005,CMCMP00225,CMCMM00305,CMCMG00308,CMCMGG00228
Camisa ;com manga;GAMES LOBO;;Game of Thrones;;Camisa com manga Games Lobo;;;4;11;25;;G_CM_GAMES_LOBO;;CMCMPP00004,CMCMP00224,CMCMM00304,CMCMG00307,CMCMGG00227
Camisa ;com manga;GHOST;;Ghost;;Camisa com manga Ghost;;;;12,5;25;;G_CM_GHOST;;CMCMM00245,CMCMG00247,CMCMGG00180
Camisa ;com manga;GHOST MULHER;;Ghost;;Camisa com manga Ghost Mulher;;;44;12;25;;G_CM_GHOST_MULHER;;CMCMM00342,CMCMG00349,CMCMGG00268
Camisa ;com manga;GIBSON;;Guitarra;;Camisa com manga Gibson;;;454;11;25;;G_CM_GIBSON;;CMCMP00092,CMCMM00092,CMCMG00089
Camisa ;com manga;GOD OF WAR HCD;;Games;;Camisa com manga God Of War Hcd;;;291;12;25;;G_CM_GOD_OF_WAR_HCD;;CMCMP00292,CMCMM00353,CMCMG00361,CMCMG00360,CMCMGG00278
Camisa ;com manga;GOD OF WAR JOAO;;Games;;Camisa com manga God Of War Joao;;;;11;25;;G_CM_GOD_OF_WAR_JOAO;;CMCMP00232,CMCMM00312,CMCMG00315,CMCMGG00235
Camisa ;com manga;GOD OF WAR NOVA;;Games;;Camisa com manga God Of War Nova;;;105;12,5;25;;G_CM_GOD_OF_WAR_NOVA;;CMCMP00186,CMCMM00187,CMCMG00185,CMCMGG00124
Camisa ;com manga;GREEN DAY AMERICAN IDIOT;;Green Day;;Camisa com manga Green Day American Idiot;;;429;11;25;;G_CM_GREEN_DAY_AMERICAN_IDIOT;;CMCMP00083,CMCMM00082,CMCMG00081
Camisa ;com manga;GUITARRA;;Caveira;;Camisa com manga Guitarra;;;163;12,5;25;;G_CM_GUITARRA;;CMCMP00157,CMCMM00152,CMCMG00146,CMCMGG00089
Camisa ;com manga;GUNS APPETITE;;Guns n' Roses;;Camisa com manga Guns Appetite;;;180;12,5;25;;G_CM_GUNS_APPETITE;;CMCMP00220,CMCMM00294,CMCMG00296,CMCMGG00217
Camisa ;com manga;GUNS AXL CANTANDO;;Guns n' Roses;;Camisa com manga Guns Axl Cantando;;;63;11;25;;G_CM_GUNS_AXL_CANTANDO;;CMCMP00241,CMCMM00268,CMCMG00269,CMCMGG00200
Camisa ;com manga;GUNS BANDA PROFANUS;;Guns n' Roses;;Camisa com manga Guns Banda Profanus;;;350;12,5;25;;G_CM_GUNS_BANDA_PROFANUS;;CMCMM00243,CMCMG00245,CMCMGG00178
Camisa ;com manga;GUNS CAVEIRA CARTOLA EQUINOX;;Guns n' Roses;;Camisa com manga Guns Caveira Cartola Equinox;;;336;11;25;;G_CM_GUNS_CAVEIRA_CARTOLA_EQUINOX;;CMCMP00056,CMCMM00056,CMCMG00056
Camisa ;com manga;GUNS CAVEIRA CARTOLA MASTER;;Guns n' Roses;;Camisa com manga Guns Caveira Cartola Master;;;185;11,5;25;;G_CM_GUNS_CAVEIRA_CARTOLA_MASTER;;CMCMP00245,CMCMM00297,CMCMG00299,CMCMGG00220
Camisa ;com manga;GUNS DOURADA;;Guns n' Roses;;Camisa com manga Guns Dourada;;;253;10,5;25;;G_CM_GUNS_DOURADA;;CMCMP00047,CMCMM00046,CMCMG00047
Camisa ;Baby Look;GUNS LOGO GRANDE;;Guns n' Roses;;Camisa Baby Look Guns Logo Grande;;;;10;20;;G_BL_GUNS_LOGO_GRANDE;;CMBLG00043,CMBLGG00012
Camisa ;com manga;GUNS LOGO GRANDE JOAO;;Guns n' Roses;;Camisa com manga Guns Logo Grande Joao;;;;11;25;;G_CM_GUNS_LOGO_GRANDE_JOAO;;CMCMP00238,CMCMM00318,CMCMG00321,CMCMGG00241
Camisa ;com manga;GUNS LOGO GRANDE MASTER;;Guns n' Roses;;Camisa com manga Guns Logo Grande Master;;;195;12;25;;G_CM_GUNS_LOGO_GRANDE_MASTER;;CMCMP00309,CMCMM00373,CMCMG00381,CMCMGG00299
Camisa ;com manga;GUNS NOME GRANDE;;Guns n' Roses;;Camisa com manga Guns Nome Grande;;;;11;25;;G_CM_GUNS_NOME_GRANDE;;CMCMP00239,CMCMM00319,CMCMG00329,CMCMGG00243
Camisa ;com manga;GUNS PRATA;;Guns n' Roses;;Camisa com manga Guns Prata;;;292;11;25;;G_CM_GUNS_PRATA;;CMCMP00052,CMCMM00052,CMCMG00052
Camisa ;com manga;GUNS SLASH CINZA;;Guns n' Roses;;Camisa com manga Guns Slash Cinza;;;;11;25;;G_CM_GUNS_SLASH_CINZA;;CMCMP00240,CMCMM00320,CMCMG00324,CMCMGG00244
Camisa ;com manga;HARLEY AGUIA;;Harley-Davidson;;Camisa com manga Harley Aguia;;;194;12,5;25;;G_CM_HARLEY_AGUIA;;CMCMP00169,CMCMM00166,CMCMG00163,CMCMGG00106
Camisa ;com manga;HARLEY CINZA;;Harley-Davidson;;Camisa com manga Harley Cinza;;;119;13;25;;G_CM_HARLEY_CINZA;;CMCMP00303,CMCMM00368,CMCMG00376,CMCMGG00293
Camisa ;com manga;HARLEY DAVIDSON TRADICIONAL;;Harley-Davidson;;Camisa com manga Harley Davidson Tradicional;;;667;11;25;;G_CM_HARLEY_DAVIDSON_TRADICIONAL;;CMCMP00118,CMCMM00116,CMCMG00113,CMCMGG00063
Camisa ;com manga;HARLEY MOTO CINZA;;Harley-Davidson;;Camisa com manga Harley Moto Cinza;;;301;12;25;;G_CM_HARLEY_MOTO_CINZA;;CMCMP00281,CMCMM00336,CMCMG00339,CMCMGG00259
Camisa ;com manga;HARLEY MOTO COLOR;;Harley-Davidson;;Camisa com manga Harley Moto Color;;;303;12;25;;G_CM_HARLEY_MOTO_COLOR;;CMCMP00282,CMCMM00337,CMCMG00340,CMCMGG00260
Camisa ;com manga;HEINEKEN HENDRIX;;Heineken;;Camisa com manga Heineken Hendrix;;;246;12,5;25;;G_CM_HEINEKEN_HENDRIX;;CMCMP00151,CMCMM00151,CMCMG00145,CMCMGG00088
Camisa ;com manga;HEINEKEN VERDE;;Heineken;;Camisa com manga Heineken Verde;;;644;11;25;;G_CM_HEINEKEN_VERDE;;CMCMP00114,CMCMM00112,CMCMG00109,CMCMGG00059
Camisa ;com manga;HELLOWEEN HELL;;Helloween;;Camisa com manga Helloween Hell;;;59;12;25;;G_CM_HELLOWEEN_HELL;;CMCMM00345,CMCMG00352,CMCMGG00271
Camisa ;com manga;HELLOWEEN KEEPER PART 1;;Helloween;;Camisa com manga Helloween Keeper Part 1;;;182;12,5;25;;G_CM_HELLOWEEN_KEEPER_PART_1;;CMCMM00296,CMCMG00298,CMCMGG00219
Camisa ;com manga;HELLRAISER;;Hellraiser;;Camisa com manga Hellraiser;;;191;12;25;;G_CM_HELLRAISER;;CMCMM00375,CMCMG00383,CMCMGG00301
Camisa ;com manga;HENDRIX CIGARRO;;Jimi Hendrix;;Camisa com manga Hendrix Cigarro;;;165;10,5;25;;G_CM_HENDRIX_CIGARRO;;CMCMP00033,CMCMM00032,CMCMG00033,CMCMGG00024
Camisa ;com manga;HENDRIX EXPERIENCE;;Jimi Hendrix;;Camisa com manga Hendrix Experience;;;309;13;25;;G_CM_HENDRIX_EXPERIENCE;;CMCMP00305,CMCMM00362,CMCMG00370,CMCMGG00287
Camisa ;com manga;IBANEZ;;Instrumentos Musicais;;Camisa com manga Ibanez;;;415;11;25;;G_CM_IBANEZ;;CMCMP00080,CMCMM00079,CMCMG00078
Camisa ;com manga;INDIO COCAR;;;;Camisa com manga Indio Cocar;;;232;12,5;25;;G_CM_INDIO_COCAR;;CMCMP00159,CMCMM00157,CMCMG00153,CMCMGG00094
Camisa ;com manga;IRON ALBUM MASTER;;Iron Maiden;;Camisa com manga Iron Album Master;;;181;11;25;;G_CM_IRON_ALBUM_MASTER;;CMCMP00242,CMCMM00295,CMCMG00297,CMCMGG00218
Camisa ;com manga;IRON EDDIE COMENDO;;Iron Maiden;;Camisa com manga Iron Eddie Comendo;;;33;12,5;25;;G_CM_IRON_EDDIE_COMENDO;;CMCMP00187,CMCMM00188,CMCMG00186,CMCMGG00125
Camisa ;com manga;IRON FEAR;;Iron Maiden;;Camisa com manga Iron Fear;;;80;12;25;;G_CM_IRON_FEAR;;CMCMP00314,CMCMM00270,CMCMG00271,CMCMG00302,CMCMGG00201
Camisa ;com manga;IRON FRONTIER;;Iron Maiden;;Camisa com manga Iron Frontier;;;60;12;25;;G_CM_IRON_FRONTIER;;CMCMP00316,CMCMM00277,CMCMG00278,CMCMGG00206
Camisa ;com manga;IRON FUZIL;;Iron Maiden;;Camisa com manga Iron Fuzil;;;599;10,5;25;;G_CM_IRON_FUZIL;;CMCMP00107,CMCMM00105,CMCMG00103,CMCMGG00055
Camisa ;com manga;IRON KILLERS EQUINOX;;Iron Maiden;;Camisa com manga Iron Killers Equinox;;;342;11;25;;G_CM_IRON_KILLERS_EQUINOX;;CMCMP00057,CMCMM00138,CMCMG00057,CMCMGG00037
Camisa ;com manga;IRON KILLERS MASTER;;Iron Maiden;;Camisa com manga Iron Killers Master;;;96;11,5;25;;G_CM_IRON_KILLERS_MASTER;;CMCMP00244,CMCMM00272,CMCMG00273,CMCMGG00203
Camisa ;com manga;IRON LIVE AFTER;;Iron Maiden;;Camisa com manga Iron Live After;;;90;12,5;25;;G_CM_IRON_LIVE_AFTER;;CMCMP00190,CMCMM00195,CMCMG00193,CMCMGG00130
Camisa ;com manga;IRON NUMBER;;Iron Maiden;;Camisa com manga Iron Number;;;;12;25;;G_CM_IRON_NUMBER;;CMCMP00253,CMCMM00179,CMCMG00177,CMCMGG00117
Camisa ;com manga;IRON POWERSLAVE;;Iron Maiden;;Camisa com manga Iron Powerslave;;;60;12;25;;G_CM_IRON_POWERSLAVE;;CMCMP00315,CMCMM00267,CMCMG00268,CMCMGG00199
Camisa ;com manga;IRON TROOPER A PE;;Iron Maiden;;Camisa com manga Iron Trooper A Pe;;;;11;25;;G_CM_IRON_TROOPER_A_PE;;CMCMP00237,CMCMM00316,CMCMG00319,CMCMGG00239
Camisa ;com manga;IRON TROOPER CAVALO;;Iron Maiden;;Camisa com manga Iron Trooper Cavalo;;;126;12;25;;G_CM_IRON_TROOPER_CAVALO;;CMCMP00298,CMCMM00281,CMCMG00282,CMCMGG00207
Camisa ;Baby Look;JACK DANIELS;;Jack Daniels;;Camisa Baby Look Jack Daniels;;;8;10;20;;G_BL_JACK_DANIELS;;CMBLG00017,CMBLGG00010
Camisa ;com manga;JACK DANIELS;;Jack Daniels;;Camisa com manga Jack Daniels;;;8;11;25;;G_CM_JACK_DANIELS;;CMCMPP00002,CMCMP00223,CMCMM00302,CMCMG00305,CMCMGG00225
Camisa ;com manga;JANIS ESCRITO LADO;;Janis Joplin;;Camisa com manga Janis Escrito Lado;;;50;11;25;;G_CM_JANIS_ESCRITO_LADO;;CMCMP00007,CMCMM00006,CMCMG00007,CMCMGG00004
Camisa ;com manga;JASON FACAO;;Terror;;Camisa com manga Jason Facao;;;169;12,5;25;;G_CM_JASON_FACAO;;CMCMP00172,CMCMM00169,CMCMG00166,CMCMGG00109
Camisa ;com manga;JASON MASCARA;;Terror;;Camisa com manga Jason Mascara;;;242;12,5;25;;G_CM_JASON_MASCARA;;CMCMP00192,CMCMM00215,CMCMG00216,CMCMGG00150
Camisa ;com manga;JETHRO TULL AQUALUNG;;Jethro Tull;;Camisa com manga Jethro Tull Aqualung;;;348;12,5;25;;G_CM_JETHRO_TULL_AQUALUNG;;CMCMM00239,CMCMG00240,CMCMGG00174,CMCMXGG00012
Camisa ;com manga;JETHRO TULL PAST;;Jethro Tull;;Camisa com manga Jethro Tull Past;;;752;11;25;;G_CM_JETHRO_TULL_PAST;;CMCMP00122,CMCMM00120,CMCMG00117,CMCMGG00067
Camisa ;com manga;JIM CAVEIRA BRACOS;;The Doors;;Camisa com manga Jim Caveira Bracos;;;268;12,5;25;;G_CM_JIM_CAVEIRA_BRACOS;;CMCMP00221,CMCMM00300,CMCMG00303,CMCMGG00223
Camisa ;com manga;JIMI BLACK;;Jimi Hendrix;;Camisa com manga Jimi Black;;;233;12,5;25;;G_CM_JIMI_BLACK;;CMCMP00163,CMCMM00160,CMCMG00157,CMCMGG00100
Camisa ;com manga;JIMI CHAPEU;;Jimi Hendrix;;Camisa com manga Jimi Chapeu;;;249;12,5;25;;G_CM_JIMI_CHAPEU;;CMCMP00162,CMCMM00159,CMCMG00156,CMCMGG00099
Camisa ;com manga;JOAO NOGUEIRA;;João Nogueira;;Camisa com manga Joao Nogueira;;;;12;25;;G_CM_JOAO_NOGUEIRA;;CMCMP00318,CMCMM00383,CMCMG00391,CMCMGG00309
Camisa ;com manga;JOHNNY CASH HCD;;Johnny Cash;;Camisa com manga Johnny Cash Hcd;;;299;12;25;;G_CM_JOHNNY_CASH_HCD;;CMCMP00296,CMCMM00357,CMCMG00365,CMCMGG00282
Camisa ;com manga;JOY DIVISION;;Joy Division;;Camisa com manga Joy Division;;;773;11;25;;G_CM_JOY_DIVISION;;CMCMP00134,CMCMM00132,CMCMG00130
Camisa ;com manga;JOY DIVISION CANTANDO;;Joy Division;;Camisa com manga Joy Division Cantando;;;;12;25;;G_CM_JOY_DIVISION_CANTANDO;;CMCMG00392,CMCMGG00310
Camisa ;com manga;JUDAS PAINKILLER;;Judas;;Camisa com manga Judas Painkiller;;;43;12;25;;G_CM_JUDAS_PAINKILLER;;CMCMM00327,CMCMG00330,CMCMGG00250,CMCMXGG00001
Camisa ;com manga;JUDAS PRIEST STEEL;;Judas;;Camisa com manga Judas Priest Steel;;;301;12,5;25;;G_CM_JUDAS_PRIEST_STEEL;;CMCMM00225,CMCMG00226,CMCMGG00160
Camisa ;com manga;JUSTICEIRO CAVEIRA BRANCA;;Quadrinhos;;Camisa com manga Justiceiro Caveira Branca;;;450;11;25;;G_CM_JUSTICEIRO_CAVEIRA_BRANCA;;CMCMP00143,CMCMM00142,CMCMG00139,CMCMGG00081
Camisa ;com manga;JUSTICEIRO CINZA;;Quadrinhos;;Camisa com manga Justiceiro Cinza;;;;11;25;;G_CM_JUSTICEIRO_CINZA;;CMCMP00231,CMCMM00311,CMCMG00314,CMCMGG00234
Camisa ;com manga;KISS DESTROYER;;Kiss;;Camisa com manga Kiss Destroyer;;;;12;25;;G_CM_KISS_DESTROYER;;CMCMM00376,CMCMG00384,CMCMGG00302
Camisa ;com manga;KISS DYNASTY;;Kiss;;Camisa com manga Kiss Dynasty;;;;12;25;;G_CM_KISS_DYNASTY;;CMCMM00377,CMCMG00385,CMCMGG00303
Camisa ;com manga;KISS ROCK AND ROLL;;Kiss;;Camisa com manga Kiss Rock And Roll;;;77;12,5;25;;G_CM_KISS_ROCK_AND_ROLL;;CMCMM00193,CMCMG00191,CMCMGG00129
Camisa ;com manga;KORN ESCRITO;;Korn;;Camisa com manga Korn Escrito;;;227;11;25;;G_CM_KORN_ESCRITO;;CMCMP00038,CMCMM00037,CMCMG00038
Camisa ;com manga;KORN UNTOUCHBLES;;Korn;;Camisa com manga Korn Untouchbles;;;357;11;25;;G_CM_KORN_UNTOUCHBLES;;CMCMP00064,CMCMM00064,CMCMG00064
Camisa ;com manga;KREATOR PHANTOM;;Kreator;;Camisa com manga Kreator Phantom;;;5;12,5;25;;G_CM_KREATOR_PHANTOM;;CMCMM00254,CMCMG00248,CMCMGG00181
Camisa ;com manga;KREATOR PLEASURE;;Kreator;;Camisa com manga Kreator Pleasure;;;111;12,5;25;;G_CM_KREATOR_PLEASURE;;CMCMM00206,CMCMG00207,CMCMGG00141
Camisa ;Baby Look;LARANJA MECANICA;;Laranja Mecânica;;Camisa Baby Look Laranja Mecanica;;;5;10;20;;G_BL_LARANJA_MECANICA;;CMBLG00013,CMBLGG00003
Camisa ;com manga;LARANJA MECANICA;;Laranja Mecânica;;Camisa com manga Laranja Mecanica;;;5;12;25;;G_CM_LARANJA_MECANICA;;CMCMPP00009,CMCMP00230,CMCMM00310,CMCMG00313,CMCMGG00233
Camisa ;com manga;LEAGUE OF LEGENDS;;Games;;Camisa com manga League Of Legends;;;292;12;25;;G_CM_LEAGUE_OF_LEGENDS;;CMCMP00297,CMCMM00358,CMCMG00366,CMCMGG00283
Camisa ;com manga;LED ANJO COLORIDO;;Led Zeppelin;;Camisa com manga Led Anjo Colorido;;;24;12,5;25;;G_CM_LED_ANJO_COLORIDO;;CMCMM00178,CMCMG00176,CMCMGG00116
Camisa ;com manga;LED ANJO DOURADO;;Led Zeppelin;;Camisa com manga Led Anjo Dourado;;;58;11;25;;G_CM_LED_ANJO_DOURADO;;CMCMP00010,CMCMM00009,CMCMG00010,CMCMGG00079
Camisa ;com manga;LED BANDA AMARELA;;Led Zeppelin;;Camisa com manga Led Banda Amarela;;;3;12,5;25;;G_CM_LED_BANDA_AMARELA;;CMCMM00299,CMCMG00301,CMCMGG00222
Camisa ;com manga;LED ZEPPELIN EREMITA;;Led Zeppelin;;Camisa com manga Led Zeppelin Eremita;;;434;11;25;;G_CM_LED_ZEPPELIN_EREMITA;;CMCMP00086,CMCMM00086,CMCMG00083,CMCMGG00045
Camisa ;com manga;LED ZEPPELIN MOTHERSHIP;;Led Zeppelin;;Camisa com manga Led Zeppelin Mothership;;;775;11;25;;G_CM_LED_ZEPPELIN_MOTHERSHIP;;CMCMP00135,CMCMM00133,CMCMG00131,CMCMGG00075
Camisa ;com manga;LEGIAO 4 ESTACOES;;Legião Urbana;;Camisa com manga Legiao 4 Estacoes;;;59;11;25;;G_CM_LEGIAO_4_ESTACOES;;CMCMP00011,CMCMM00010,CMCMG00011,CMCMGG00008
Camisa ;com manga;LEGIAO BANDA AZUL MASTER;;Legião Urbana;;Camisa com manga Legiao Banda Azul Master;;;111;12,5;25;;G_CM_LEGIAO_BANDA_AZUL_MASTER;;CMCMM00275,CMCMG00276,CMCMGG00204
Camisa ;com manga;LEGIAO DOURADA;;Legião Urbana;;Camisa com manga Legiao Dourada;;;222;11;25;;G_CM_LEGIAO_DOURADA;;CMCMP00037,CMCMM00036,CMCMG00037,CMCMGG00027
Camisa ;com manga;LEGIAO FAROESTE;;Legião Urbana;;Camisa com manga Legiao Faroeste;;;83;12,5;25;;G_CM_LEGIAO_FAROESTE;;CMCMM00271,CMCMG00272,CMCMGG00202
Camisa ;com manga;LEGIAO VERDE;;Legião Urbana;;Camisa com manga Legiao Verde;;;129;11;25;;G_CM_LEGIAO_VERDE;;CMCMP00030,CMCMM00029,CMCMG00031,CMCMGG00050
Camisa ;com manga;LINKIN PARK METEORA;;Linkin Park;;Camisa com manga Linkin Park Meteora;;;385;10,5;25;;G_CM_LINKIN_PARK_METEORA;;CMCMP00073,CMCMM00073,CMCMG00072
Camisa ;com manga;LINKIN PARK ROAD ESCRITO BRANCO;;Linkin Park;;Camisa com manga Linkin Park Road Escrito Branco;;;792;11;25;;G_CM_LINKIN_PARK_ROAD_ESCRITO_BRANCO;;CMCMP00141,CMCMM00139,CMCMG00136
Camisa ;com manga;LINKIN PARK SOLDADO HYBRID;;Linkin Park;;Camisa com manga Linkin Park Soldado Hybrid;;;313;10,5;25;;G_CM_LINKIN_PARK_SOLDADO_HYBRID;;CMCMP00053,CMCMM00053,CMCMG00053
Camisa ;com manga;LYNYRD CAVEIRA;;Lynyrd Skynyrd;;Camisa com manga Lynyrd Caveira;;;764;11;25;;G_CM_LYNYRD_CAVEIRA;;CMCMP00128,CMCMM00126,CMCMG00123,CMCMGG00070
Camisa ;com manga;MARILYN MANSON MASTER;;Marilyn Manson;;Camisa com manga Marilyn Manson Master;;;48;12,5;25;;G_CM_MARILYN_MANSON_MASTER;;CMCMM00265,CMCMG00266
Camisa ;com manga;MARIO LUIGI;;Games;;Camisa com manga Mario Luigi;;;141;12;25;;G_CM_MARIO_LUIGI;;CMCMP00289,CMCMM00350,CMCMG00357,CMCMGG00275
Camisa ;com manga;MARSHALL;;Instrumentos Musicais;;Camisa com manga Marshall;;;453;11;25;;G_CM_MARSHALL;;CMCMP00091,CMCMM00091,CMCMG00088
Camisa ;com manga;MAYHEM;;Mayhem;;Camisa com manga Mayhem;;;361;11;25;;G_CM_MAYHEM;;CMCMP00068,CMCMM00068,CMCMG00068
Camisa ;com manga;MAYHEM AZUL;;Mayhem;;Camisa com manga Mayhem Azul;;;353;11;25;;G_CM_MAYHEM_AZUL;;CMCMP00175,CMCMP00062,CMCMM00062,CMCMG00062
Camisa ;com manga;MEGADETH BOMBA;;Megadeth;;Camisa com manga Megadeth Bomba;;;91;12,5;25;;G_CM_MEGADETH_BOMBA;;CMCMM00196,CMCMG00194,CMCMGG00134
Camisa ;com manga;MEGADETH CAVEIRA;;Megadeth;;Camisa com manga Megadeth Caveira;;;54;12,5;25;;G_CM_MEGADETH_CAVEIRA;;CMCMM00190,CMCMG00188,CMCMGG00126
Camisa ;com manga;MEGADETH CAVEIRA MASTER;;Megadeth;;Camisa com manga Megadeth Caveira Master;;;172;12;25;;G_CM_MEGADETH_CAVEIRA_MASTER;;CMCMM00359,CMCMG00367,CMCMGG00284
Camisa ;com manga;MEGADETH CAVEIRA PROFANUS;;Megadeth;;Camisa com manga Megadeth Caveira Profanus;;;289;12,5;25;;G_CM_MEGADETH_CAVEIRA_PROFANUS;;CMCMM00223,CMCMG00224,CMCMGG00158
Camisa ;com manga;MEGADETH RUST;;Megadeth;;Camisa com manga Megadeth Rust;;;192;12;25;;G_CM_MEGADETH_RUST;;CMCMP00310,CMCMM00374,CMCMG00382,CMCMGG00300
Camisa ;com manga;MERCYFUL FATE;;Mercyful Fate;;Camisa com manga Mercyful Fate;;;37;12,5;25;;G_CM_MERCYFUL_FATE;;CMCMM00244,CMCMG00246,CMCMGG00179
Camisa ;com manga;METALLICA COBRA;;Metallica;;Camisa com manga Metallica Cobra;;;69;10,5;25;;G_CM_METALLICA_COBRA;;CMCMP00012,CMCMM00011,CMCMG00012,CMCMGG00009
Camisa ;com manga;METALLICA DEATH MAGNETIC BRANCA;;Metallica;;Camisa com manga Metallica Death Magnetic Branca;;;179;12,5;25;;G_CM_METALLICA_DEATH_MAGNETIC_BRANCA;;CMCMP00219,CMCMM00293,CMCMG00295,CMCMGG00216
Camisa ;com manga;METALLICA DEATH MAGNETIC PRETA;;Metallica;;Camisa com manga Metallica Death Magnetic Preta;;;173;11,5;25;;G_CM_METALLICA_DEATH_MAGNETIC_PRETA;;CMCMP00243,CMCMM00292,CMCMG00294,CMCMGG00215
Camisa ;com manga;METALLICA DEATH MAGNETIC VIRUS;;Metallica;;Camisa com manga Metallica Death Magnetic Virus;;;96;12,5;25;;G_CM_METALLICA_DEATH_MAGNETIC_VIRUS;;CMCMM00198,CMCMG00196,CMCMGG00132
Camisa ;com manga;METALLICA JUSTICE;;Metallica;;Camisa com manga Metallica Justice;;;113;12,5;25;;G_CM_METALLICA_JUSTICE;;CMCMP00191,CMCMM00201,CMCMG00199,CMCMGG00133
Camisa ;com manga;METALLICA JUSTICE PRETA;;Metallica;;Camisa com manga Metallica Justice Preta;;;112;12;25;;G_CM_METALLICA_JUSTICE_PRETA;;CMCMP00317,CMCMM00381,CMCMG00389,CMCMGG00307
Camisa ;com manga;METALLICA KILL;;Metallica;;Camisa com manga Metallica Kill;;;;12;25;;G_CM_METALLICA_KILL;;CMCMP00252,CMCMM00192,CMCMG00190,CMCMGG00128
Camisa ;com manga;METALLICA MASTER;;Metallica;;Camisa com manga Metallica Master;;;345;12,5;25;;G_CM_METALLICA_MASTER;;CMCMM00238,CMCMG00239,CMCMGG00173,CMCMXGG00009
Camisa ;com manga;METALLICA MASTER ROCK;;Metallica;;Camisa com manga Metallica Master Rock;;;201;12;25;;G_CM_METALLICA_MASTER_ROCK;;CMCMP00307,CMCMM00371,CMCMG00379,CMCMGG00297
Camisa ;com manga;METALLICA RIDE;;Metallica;;Camisa com manga Metallica Ride;;;6;12,5;25;;G_CM_METALLICA_RIDE;;CMCMP00176,CMCMM00172,CMCMG00170,CMCMGG00112
Camisa ;com manga;METALLICA ST ANGER PUNHO;;Metallica;;Camisa com manga Metallica St Anger Punho;;;407;10,5;25;;G_CM_METALLICA_ST_ANGER_PUNHO;;CMCMP00079,CMCMM00078,CMCMG00077,CMCMGG00043
Camisa ;com manga;MEXICANA TATTOO;;Tattoo;;Camisa com manga Mexicana Tattoo;;;288;12,5;25;;G_CM_MEXICANA_TATTOO;;CMCMP00204,CMCMM00261,CMCMG00262,CMCMGG00261
Camisa ;com manga;MISFITS ROXA;;Misfits;;Camisa com manga Misfits Roxa;;;602;10,5;20;;G_CM_MISFITS_ROXA;;CMCMP00109,CMCMM00107,CMCMG00105
Camisa ;com manga;MISFITS VERDE;;Misfits;;Camisa com manga Misfits Verde;;;72;10,5;25;;G_CM_MISFITS_VERDE;;CMCMP00013,CMCMM00012,CMCMG00013,CMCMGG00010
Camisa ;com manga;MORBID ANGEL ALTARS;;Morbid Angel;;Camisa com manga Morbid Angel Altars;;;72;12;25;;G_CM_MORBID_ANGEL_ALTARS;;CMCMM00347,CMCMG00354,CMCMGG00273
Camisa ;com manga;MORBID ANGEL LOGO;;Morbid Angel;;Camisa com manga Morbid Angel Logo;;;26;12,5;25;;G_CM_MORBID_ANGEL_LOGO;;CMCMM00203,CMCMG00201,CMCMGG00138
Camisa ;com manga;MOTO INDIAN;;Moto Indian;;Camisa com manga Moto Indian;;;304;12;25;;G_CM_MOTO_INDIAN;;CMCMP00291,CMCMM00352,CMCMG00359,CMCMGG00277
Camisa ;com manga;MOTORHEAD KISS OF DEATH;;Motorhead;;Camisa com manga Motorhead Kiss Of Death;;;279;12,5;25;;G_CM_MOTORHEAD_KISS_OF_DEATH;;CMCMM00219,CMCMG00220,CMCMGG00154
Camisa ;com manga;MOTORHEAD TRADICIONAL;;Motorhead;;Camisa com manga Motorhead Tradicional;;;430;10,5;25;;G_CM_MOTORHEAD_TRADICIONAL;;CMCMP00084,CMCMM00083,CMCMG00082,CMCMGG00044
Camisa ;com manga;NARUTO BRANCA VIRUS;;Naruto;;Camisa com manga Naruto Branca Virus;;;134;12;25;;G_CM_NARUTO_BRANCA_VIRUS;;CMCMP00290,CMCMM00351,CMCMG00358,CMCMGG00276
Camisa ;com manga;NIRVANA BANDA MASTER;;Nirvana;;Camisa com manga Nirvana Banda Master;;;178;12;25;;G_CM_NIRVANA_BANDA_MASTER;;CMCMM00360,CMCMG00368,CMCMGG00285
Camisa ;com manga;NIRVANA BATERIA;;Nirvana;;Camisa com manga Nirvana Bateria;;;175;10,5;25;;G_CM_NIRVANA_BATERIA;;CMCMP00034,CMCMM00033,CMCMG00034
Camisa ;com manga;NIRVANA NEVERMIND;;Nirvana;;Camisa com manga Nirvana Nevermind;;;137;12,5;25;;G_CM_NIRVANA_NEVERMIND;;CMCMP00215,CMCMM00286,CMCMG00288,CMCMGG00210
Camisa ;Baby Look;NIRVANA SMILE;;Nirvana;;Camisa Baby Look Nirvana Smile;;;6;10;20;;G_BL_NIRVANA_SMILE;;CMBLG00011,CMBLGG00001
Camisa ;com manga;NIRVANA SMILE;;Nirvana;;Camisa com manga Nirvana Smile;;;6;11;25;;G_CM_NIRVANA_SMILE;;CMCMPP00014,CMCMP00236,CMCMM00315,CMCMM00109,CMCMG00318,CMCMGG00238
Camisa ;com manga;NOEL;;Noel Rosa;;Camisa com manga Noel;;;S02;12,5;25;;G_CM_NOEL;;CMCMP00148,CMCMM00148,CMCMG00143,CMCMGG00086
Camisa ;com manga;OASIS;;Oasis;;Camisa com manga Oasis;;;137;10,5;25;;G_CM_OASIS;;CMCMP00031,CMCMM00030
Camisa ;com manga;OBITUARY ESTAMPA;;Obituary;;Camisa com manga Obituary Estampa;;;282;12,5;25;;G_CM_OBITUARY_ESTAMPA;;CMCMM00221,CMCMG00222,CMCMGG00156
Camisa ;com manga;OBITUARY LOGO;;Obituary;;Camisa com manga Obituary Logo;;;36;12,5;25;;G_CM_OBITUARY_LOGO;;CMCMM00205,CMCMG00206,CMCMGG00140
Camisa ;com manga;OFFSPRING P/B;;The Offspring;;Camisa com manga Offspring P/b;;;399;10,5;25;;G_CM_OFFSPRING_P/B;;CMCMP00077,CMCMM00076,CMCMG00075
Camisa ;com manga;ONE PIECE PRETA HCD;;One Piece;;Camisa com manga One Piece Preta Hcd;;;293;12;25;;G_CM_ONE_PIECE_PRETA_HCD;;CMCMP00295,CMCMM00356,CMCMG00364,CMCMGG00281
Camisa ;com manga;ONE PIECE PRETA VIRUS;;One Piece;;Camisa com manga One Piece Preta Virus;;;120;13;25;;G_CM_ONE_PIECE_PRETA_VIRUS;;CMCMP00304,CMCMM00369,CMCMG00377,CMCMGG00294
Camisa ;com manga;OZZY MORCEGO;;Ozzy Osbourne;;Camisa com manga Ozzy Morcego;;;307;12,5;25;;G_CM_OZZY_MORCEGO;;CMCMM00228,CMCMG00229,CMCMGG00163
Camisa ;com manga;PANTERA COWBOYS;;Pantera;;Camisa com manga Pantera Cowboys;;;335;12,5;25;;G_CM_PANTERA_COWBOYS;;CMCMM00232,CMCMG00233,CMCMGG00167
Camisa ;com manga;PANTERA OFFICIAL;;Pantera;;Camisa com manga Pantera Official;;;766;10,5;25;;G_CM_PANTERA_OFFICIAL;;CMCMP00129,CMCMM00140,CMCMM00127,CMCMG00124,CMCMGG00071
Camisa ;com manga;PANTERA SOCO;;Pantera;;Camisa com manga Pantera Soco;;;90;10,5;25;;G_CM_PANTERA_SOCO;;CMCMP00015,CMCMM00014,CMCMG00015,CMCMGG00011
Camisa ;Baby Look;PASSARO VERMELHO;;Passaro Vermelho;;Camisa Baby Look Passaro Vermelho;;;;10;20;;G_BL_PASSARO_VERMELHO;;CMBLG00019,CMBLGG00009
Camisa ;com manga;PASSARO VERMELHO;;Passaro Vermelho;;Camisa com manga Passaro Vermelho;;;14;12;25;;G_CM_PASSARO_VERMELHO;;CMCMPP00013,CMCMP00286,CMCMM00341,CMCMG00345,CMCMGG00266
Camisa ;com manga;PEARL;;Pearl Jam;;Camisa com manga Pearl;;;416;11;25;;G_CM_PEARL;;CMCMP00081,CMCMM00080,CMCMG00079
Camisa ;com manga;PEARL JAM BONEQUINHO;;Pearl Jam;;Camisa com manga Pearl Jam Bonequinho;;;91;11;25;;G_CM_PEARL_JAM_BONEQUINHO;;CMCMP00016,CMCMM00015,CMCMG00016,CMCMGG00012
Camisa ;com manga;PINK FLOYD DESENHO;;Pink Floyd;;Camisa com manga Pink Floyd Desenho;;;336;12,5;25;;G_CM_PINK_FLOYD_DESENHO;;CMCMP00196,CMCMM00233,CMCMG00234,CMCMGG00168
Camisa ;com manga;PINK FLOYD PRISMA;;Pink Floyd;;Camisa com manga Pink Floyd Prisma;;;92;11;25;;G_CM_PINK_FLOYD_PRISMA;;CMCMP00017,CMCMM00016,CMCMG00017,CMCMGG00013
Camisa ;com manga;PINK FLOYD PRISMA BANDA;;Pink Floyd;;Camisa com manga Pink Floyd Prisma Banda;;;66;12,5;25;;G_CM_PINK_FLOYD_PRISMA_BANDA;;CMCMP00182,CMCMM00181,CMCMG00179,CMCMGG00119
Camisa ;com manga;PINK FLOYD THE WALL BRANCA;;Pink Floyd;;Camisa com manga Pink Floyd The Wall Branca;;;335;11;25;;G_CM_PINK_FLOYD_THE_WALL_BRANCA;;CMCMP00055,CMCMM00055,CMCMG00055,CMCMGG00036
Camisa ;com manga;PINK FLOYD WALL PRETA;;Pink Floyd;;Camisa com manga Pink Floyd Wall Preta;;;135;12,5;25;;G_CM_PINK_FLOYD_WALL_PRETA;;CMCMP00214,CMCMM00285,CMCMG00287,CMCMGG00209
Camisa ;com manga;PIRATAS DO CARIBE;;Filmes;;Camisa com manga Piratas Do Caribe;;;200;12;25;;G_CM_PIRATAS_DO_CARIBE;;CMCMP00308,CMCMM00372,CMCMG00380,CMCMGG00298
Camisa ;com manga;PIXINGUINHA;;Pixinguinha;;Camisa com manga Pixinguinha;;;S 08;12;25;;G_CM_PIXINGUINHA;;CMCMP00249,CMCMM00323,CMCMG00327,CMCMGG00247
Camisa ;com manga;PODEROSO CHEFAO;;O Poderoso Chefão;;Camisa com manga Poderoso Chefao;;;627;11;25;;G_CM_PODEROSO_CHEFAO;;CMCMP00110,CMCMM00108,CMCMG00106,CMCMGG00057
Camisa ;com manga;QUEEN DOURADA;;Queen;;Camisa com manga Queen Dourada;;;794;11;25;;G_CM_QUEEN_DOURADA;;CMCMP00142,CMCMM00141,CMCMG00137,CMCMGG00080
Camisa ;com manga;RAGE AGAINST BRANCA;;Rage Against the Machine;;Camisa com manga Rage Against Branca;;;191;12,5;25;;G_CM_RAGE_AGAINST_BRANCA;;CMCMM00211,CMCMG00212,CMCMGG00146
Camisa ;com manga;RAINBOW LONG LIVE;;Rainbow;;Camisa com manga Rainbow Long Live;;;359;12;25;;G_CM_RAINBOW_LONG_LIVE;;CMCMM00328,CMCMG00331,CMCMGG00267,CMCMXGG00005
Camisa ;com manga;RAINBOW RISING;;Rainbow;;Camisa com manga Rainbow Rising;;;344;12,5;25;;G_CM_RAINBOW_RISING;;CMCMM00237,CMCMG00238,CMCMGG00172,CMCMXGG00008
Camisa ;com manga;RAMMSTEIN;;Rammstein;;Camisa com manga Rammstein;;;141;12,5;25;;G_CM_RAMMSTEIN;;CMCMM00289,CMCMG00291,CMCMGG00213
Camisa ;com manga;RAMONES BANDA BRANCA;;Ramones;;Camisa com manga Ramones Banda Branca;;;237;12,5;25;;G_CM_RAMONES_BANDA_BRANCA;;CMCMM00214,CMCMG00215,CMCMGG00149
Camisa ;com manga;RAMONES PROCURADOS;;Ramones;;Camisa com manga Ramones Procurados;;;46;12,5;25;;G_CM_RAMONES_PROCURADOS;;CMCMM00180,CMCMG00178,CMCMGG00118
Camisa ;com manga;RAMONES TRADICIONAL BRANCA;;Ramones;;Camisa com manga Ramones Tradicional Branca;;;787;11;25;;G_CM_RAMONES_TRADICIONAL_BRANCA;;CMCMP00145,CMCMM00144,CMCMG00140,CMCMGG00084
Camisa ;Baby Look;RAMONES TRADICIONAL PRETA;;Ramones;;Camisa Baby Look Ramones Tradicional Preta;;;7;10;20;;G_BL_RAMONES_TRADICIONAL_PRETA;;CMBLG00016,CMBLGG00006
Camisa ;com manga;RAMONES TRADICIONAL PRETA;;Ramones;;Camisa com manga Ramones Tradicional Preta;;;7;11;25;;G_CM_RAMONES_TRADICIONAL_PRETA;;CMCMPP00001,CMCMP00222,CMCMM00301,CMCMG00304,CMCMGG00224
Camisa ;com manga;RAUL CHAVE;;Raul Seixas;;Camisa com manga Raul Chave;;;103;10,5;25;;G_CM_RAUL_CHAVE;;CMCMP00020,CMCMM00020,CMCMG00021,CMCMGG00016
Camisa ;com manga;RED HOT BRANCA;;Red Hot Chili Peppers;;Camisa com manga Red Hot Branca;;;94;12,5;25;;G_CM_RED_HOT_BRANCA;;CMCMP00184,CMCMM00184,CMCMG00182,CMCMGG00121
Camisa ;Baby Look;RED HOT PRETA;;Red Hot Chili Peppers;;Camisa Baby Look Red Hot Preta;;;1;10;20;;G_BL_RED_HOT_PRETA;;CMBLG00015,CMBLGG00005
Camisa ;com manga;RED HOT PRETA;;Red Hot Chili Peppers;;Camisa com manga Red Hot Preta;;;1;11;25;;G_CM_RED_HOT_PRETA;;CMCMPP00006,CMCMP00229,CMCMM00309,CMCMG00312,CMCMGG00232
Camisa ;com manga;RUSH CORUJA;;Rush;;Camisa com manga Rush Coruja;;;356;10,5;25;;G_CM_RUSH_CORUJA;;CMCMP00063,CMCMM00063,CMCMG00063,CMCMGG00040
Camisa ;com manga;RUSH ESTRELA;;Rush;;Camisa com manga Rush Estrela;;;230;10,5;25;;G_CM_RUSH_ESTRELA;;CMCMP00040,CMCMM00039,CMCMG00040,CMCMGG00028
Camisa ;com manga;RUSH MOVING PICTURES;;Rush;;Camisa com manga Rush Moving Pictures;;;358;10,5;25;;G_CM_RUSH_MOVING_PICTURES;;CMCMP00065,CMCMM00065,CMCMG00065,CMCMGG00041
Camisa ;com manga;SARCOFAGO ROTTING;;Sarcofago;;Camisa com manga Sarcofago Rotting;;;20;12,5;25;;G_CM_SARCOFAGO_ROTTING;;CMCMM00252,CMCMG00254,CMCMGG00187
Camisa ;com manga;SARCOFAGO SCOURGE;;Sarcofago;;Camisa com manga Sarcofago Scourge;;;21;12,5;25;;G_CM_SARCOFAGO_SCOURGE;;CMCMM00253,CMCMG00255,CMCMGG00188
Camisa ;com manga;SCORPIONS IN TRANCE;;Scorpions;;Camisa com manga Scorpions In Trance;;;306;12,5;25;;G_CM_SCORPIONS_IN_TRANCE;;CMCMM00227,CMCMG00228,CMCMGG00162
Camisa ;com manga;SEPULTURA REMAINS;;Sepultura;;Camisa com manga Sepultura Remains;;;18;12,5;25;;G_CM_SEPULTURA_REMAINS;;CMCMM00251,CMCMG00253,CMCMGG00186
Camisa ;com manga;SEPULTURA ROOTS;;Sepultura;;Camisa com manga Sepultura Roots;;;;12;25;;G_CM_SEPULTURA_ROOTS;;CMCMP00312,CMCMM00378,CMCMG00386,CMCMGG00304
Camisa ;com manga;SEPULTURA S;;Sepultura;;Camisa com manga Sepultura S;;;182;12,5;25;;G_CM_SEPULTURA_S;;CMCMM00209,CMCMG00210,CMCMGG00144
Camisa ;com manga;SEX PISTOLS AMARELA;;Sex Pistols;;Camisa com manga Sex Pistols Amarela;;;682;11;25;;G_CM_SEX_PISTOLS_AMARELA;;CMCMP00119,CMCMM00117,CMCMG00114,CMCMGG00064
Camisa ;com manga;SEX PISTOLS FANTA;;Sex Pistols;;Camisa com manga Sex Pistols Fanta;;;111;11;25;;G_CM_SEX_PISTOLS_FANTA;;CMCMP00023,CMCMM00023,CMCMG00024
Camisa ;com manga;SLASH CAVEIRA;;Slash;;Camisa com manga Slash Caveira;;;259;12,5;25;;G_CM_SLASH_CAVEIRA;;CMCMP00153,CMCMM00155,CMCMG00149,CMCMGG00097
Camisa ;com manga;SLAYER AGUIA;;Slayer;;Camisa com manga Slayer Aguia;;;;11;25;;G_CM_SLAYER_AGUIA;;CMCMM00317,CMCMG00320,CMCMGG00240
Camisa ;com manga;SLAYER CAVEIRA CAPACETE;;Slayer;;Camisa com manga Slayer Caveira Capacete;;;57;12;25;;G_CM_SLAYER_CAVEIRA_CAPACETE;;CMCMM00344,CMCMG00350,CMCMGG00269,CMCMXGG00002
Camisa ;com manga;SLAYER FUZIL;;Slayer;;Camisa com manga Slayer Fuzil;;;285;12,5;25;;G_CM_SLAYER_FUZIL;;CMCMM00222,CMCMG00223,CMCMGG00157
Camisa ;com manga;SLAYER REIGN IN BLOOD;;Slayer;;Camisa com manga Slayer Reign In Blood;;;;12;25;;G_CM_SLAYER_REIGN_IN_BLOOD;;CMCMP00311,CMCMM00379,CMCMG00387,CMCMGG00305
Camisa ;com manga;SLAYER SOUTH;;Slayer;;Camisa com manga Slayer South;;;;12;25;;G_CM_SLAYER_SOUTH;;CMCMM00382,CMCMG00390,CMCMGG00308
Camisa ;com manga;SLIPKNOT BANDA NOVA MASTER;;Slipknot;;Camisa com manga Slipknot Banda Nova Master;;;122;12,5;25;;G_CM_SLIPKNOT_BANDA_NOVA_MASTER;;CMCMP00210,CMCMM00279,CMCMG00280
Camisa ;com manga;SLIPKNOT BANDA NOVA VIRUS;;Slipknot;;Camisa com manga Slipknot Banda Nova Virus;;;81;12,5;25;;G_CM_SLIPKNOT_BANDA_NOVA_VIRUS;;CMCMP00189,CMCMM00194,CMCMG00192
Camisa ;com manga;SLIPKNOT CIRCO;;Slipknot;;Camisa com manga Slipknot Circo;;;41;12,5;25;;G_CM_SLIPKNOT_CIRCO;;CMCMP00188,CMCMM00189,CMCMG00187
Camisa ;com manga;SLIPKNOT COD BARRAS;;Slipknot;;Camisa com manga Slipknot Cod Barras;;;109;12,5;25;;G_CM_SLIPKNOT_COD_BARRAS;;CMCMP00207,CMCMM00274,CMCMG00275
Camisa ;com manga;SLIPKNOT QUADRADINHOS;;Slipknot;;Camisa com manga Slipknot Quadradinhos;;;143;12,5;25;;G_CM_SLIPKNOT_QUADRADINHOS;;CMCMP00217,CMCMM00290,CMCMG00292
Camisa ;com manga;SMITHS;;The Smiths;;Camisa com manga Smiths;;;760;10,5;25;;G_CM_SMITHS;;CMCMP00124,CMCMM00122,CMCMG00119
Camisa ;com manga;SMITHS CAPACETE;;The Smiths;;Camisa com manga Smiths Capacete;;;;12;25;;G_CM_SMITHS_CAPACETE;;CMCMM00385,CMCMG00393,CMCMGG00311
Camisa ;com manga;SONIC YOUTH AZUL;;Sonic Youth;;Camisa com manga Sonic Youth Azul;;;754;10,5;25;;G_CM_SONIC_YOUTH_AZUL;;CMCMP00123,CMCMM00121,CMCMG00138
Camisa ;com manga;SONIC YOUTH BRANCA;;Sonic Youth;;Camisa com manga Sonic Youth Branca;;;312;12;25;;G_CM_SONIC_YOUTH_BRANCA;;CMCMM00366,CMCMG00374,CMCMGG00291
Camisa ;com manga;SOUNDGARDEN;;Soundgarden;;Camisa com manga Soundgarden;;;310;12;25;;G_CM_SOUNDGARDEN;;CMCMM00364,CMCMG00372,CMCMGG00289
Camisa ;com manga;STAR WARS CAPACETE;;Star Wars;;Camisa com manga Star Wars Capacete;;;581;11;25;;G_CM_STAR_WARS_CAPACETE;;CMCMP00096,CMCMM00096,CMCMG00092,CMCMGG00047
Camisa ;com manga;STONES LINGUA BRANCA;;Rolling Stones;;Camisa com manga Stones Lingua Branca;;;104;11;25;;G_CM_STONES_LINGUA_BRANCA;;CMCMP00021,CMCMM00021,CMCMG00022,CMCMGG00017
Camisa ;Baby Look;STONES LINGUA PRETA;;Rolling Stones;;Camisa Baby Look Stones Lingua Preta;;;9;10;20;;G_BL_STONES_LINGUA_PRETA;;CMBLG00012,CMBLGG00002
Camisa ;com manga;STONES LINGUA PRETA;;Rolling Stones;;Camisa com manga Stones Lingua Preta;;;9;12;25;;G_CM_STONES_LINGUA_PRETA;;CMCMPP00007,CMCMP00226,CMCMM00306,CMCMG00309,CMCMGG00229
Camisa ;com manga;STROKES BRANCA;;The Strokes;;Camisa com manga Strokes Branca;;;790;11;25;;G_CM_STROKES_BRANCA;;CMCMP00146,CMCMM00145,CMCMG00141,CMCMGG00083
Camisa ;com manga;STROKES PRETA;;The Strokes;;Camisa com manga Strokes Preta;;;;11;25;;G_CM_STROKES_PRETA;;CMCMP00227,CMCMM00307,CMCMG00310,CMCMGG00230
Camisa ;com manga;SYSTEM ALVO;;System Of A Down;;Camisa com manga System Alvo;;;405;10,5;20;;G_CM_SYSTEM_ALVO;;CMCMP00078,CMCMM00077,CMCMG00076
Camisa ;com manga;SYSTEM BANDA GRANDE MASTER;;System Of A Down;;Camisa com manga System Banda Grande Master;;;101;12,5;25;;G_CM_SYSTEM_BANDA_GRANDE_MASTER;;CMCMM00273,CMCMG00274
Camisa ;com manga;SYSTEM BANDA NOVA VIRUS;;System Of A Down;;Camisa com manga System Banda Nova Virus;;;97;12,5;25;;G_CM_SYSTEM_BANDA_NOVA_VIRUS;;CMCMP00185,CMCMM00186,CMCMG00184,CMCMGG00123
Camisa ;com manga;SYSTEM BONEQUINHOS;;System Of A Down;;Camisa com manga System Bonequinhos;;;78;12,5;25;;G_CM_SYSTEM_BONEQUINHOS;;CMCMP00206,CMCMM00269,CMCMG00270
Camisa ;com manga;SYSTEM HYPNOTIZE;;System Of A Down;;Camisa com manga System Hypnotize;;;123;12,5;25;;G_CM_SYSTEM_HYPNOTIZE;;CMCMP00211,CMCMM00280,CMCMG00281
Camisa ;com manga;SYSTEM MAO;;System Of A Down;;Camisa com manga System Mao;;;365;10,5;20;;G_CM_SYSTEM_MAO;;CMCMP00069,CMCMM00069,CMCMG00069
Camisa ;com manga;SYSTEM MEZMERIZE ALBUM;;System Of A Down;;Camisa com manga System Mezmerize Album;;;121;12,5;25;;G_CM_SYSTEM_MEZMERIZE_ALBUM;;CMCMP00209,CMCMM00278,CMCMG00279
Camisa ;com manga;SYSTEM MEZMERIZE BANDA;;System Of A Down;;Camisa com manga System Mezmerize Banda;;;133;12,5;25;;G_CM_SYSTEM_MEZMERIZE_BANDA;;CMCMP00212,CMCMM00283,CMCMG00284
Camisa ;com manga;TESTAMENT BRANCA;;Testament;;Camisa com manga Testament Branca;;;230;12,5;25;;G_CM_TESTAMENT_BRANCA;;CMCMM00213,CMCMG00214,CMCMGG00148
Camisa ;com manga;TESTAMENT DARK;;Testament;;Camisa com manga Testament Dark;;;6;12,5;25;;G_CM_TESTAMENT_DARK;;CMCMM00247,CMCMG00249,CMCMGG00182
Camisa ;com manga;THE CURE PRETA;;The Cure;;Camisa com manga The Cure Preta;;;;12;25;;G_CM_THE_CURE_PRETA;;CMCMM00386,CMCMG00394,CMCMGG00312
Camisa ;com manga;THE DOORS MORRISON BRANCA;;The Doors;;Camisa com manga The Doors Morrison Branca;;;59;12,5;25;;G_CM_THE_DOORS_MORRISON_BRANCA;;CMCMM00191,CMCMG00175,CMCMGG00127
Camisa ;com manga;THE STROKES;;The Strokes;;Camisa com manga The Strokes;;;634;10,5;20;;G_CM_THE_STROKES;;CMCMP00113,CMCMM00111
Camisa ;com manga;THE WHO;;The Who;;Camisa com manga The Who;;;570;10,5;25;;G_CM_THE_WHO;;CMCMP00095,CMCMM00095,CMCMG00091,CMCMGG00046
Camisa ;com manga;TIM MAIA;;Tim Maia;;Camisa com manga Tim Maia;;;203;12,5;25;;G_CM_TIM_MAIA;;CMCMP00174,CMCMM00171,CMCMG00168,CMCMGG00111
Camisa ;com manga;TIO SAM;;Quadrinhos;;Camisa com manga Tio Sam;;;241;12,5;25;;G_CM_TIO_SAM;;CMCMP00160,CMCMM00147,CMCMG00154,CMCMGG00096
Camisa ;com manga;TOM JOBIM;;Tom Jobin;;Camisa com manga Tom Jobim;;;S04;12,5;25;;G_CM_TOM_JOBIM;;CMCMP00198,CMCMM00255,CMCMG00256,CMCMGG00190
Camisa ;Baby Look;TROOPER A PE JOAO;;Star Wars;;Camisa Baby Look Trooper A Pe Joao;;;;10;20;;G_BL_TROOPER_A_PE_JOAO;;CMBLG00078,CMBLGG00014
Camisa ;com manga;V DE VINGANCA BRANCA;;V de Vingança;;Camisa com manga V De Vinganca Branca;;;11;12;25;;G_CM_V_DE_VINGANCA_BRANCA;;CMCMPP00011,CMCMP00284,CMCMM00339,CMCMG00343,CMCMGG00264
Camisa ;com manga;V DE VINGANCA PRETA;;V de Vingança;;Camisa com manga V De Vinganca Preta;;;12;12;25;;G_CM_V_DE_VINGANCA_PRETA;;CMCMPP00010,CMCMP00283,CMCMM00338,CMCMG00342,CMCMGG00263
Camisa ;com manga;VAN HALEN ANJO;;Van Halen;;Camisa com manga Van Halen Anjo;;;;11,5;25;;G_CM_VAN_HALEN_ANJO;;CMCMM00321,CMCMG00325,CMCMGG00245
Camisa ;com manga;VAN HALEN DOURADA;;Van Halen;;Camisa com manga Van Halen Dourada;;;734;10,5;25;;G_CM_VAN_HALEN_DOURADA;;CMCMP00120,CMCMM00118,CMCMG00115,CMCMGG00065
Camisa ;com manga;VENON POSSESSED;;Venon;;Camisa com manga Venon Possessed;;;7;12,5;25;;G_CM_VENON_POSSESSED;;CMCMM00248,CMCMG00250,CMCMGG00183
Camisa ;com manga;VENON PRATA;;Venon;;Camisa com manga Venon Prata;;;120;10,5;25;;G_CM_VENON_PRATA;;CMCMP00025,CMCMM00025,CMCMG00026,CMCMGG00020
Camisa ;com manga;VINICIUS;;Vinícius de Morais;;Camisa com manga Vinicius;;;S06;12,5;25;;G_CM_VINICIUS;;CMCMP00200,CMCMM00257,CMCMG00258,CMCMGG00192
Camisa ;com manga;WALKING DEAD MASTER;;The Walking Dead;;Camisa com manga Walking Dead Master;;;189;12;25;;G_CM_WALKING_DEAD_MASTER;;CMCMP00313,CMCMM00380,CMCMG00388,CMCMGG00306
Camisa ;com manga;WALKING DEAD VIRUS;;The Walking Dead;;Camisa com manga Walking Dead Virus;;;123;13;25;;G_CM_WALKING_DEAD_VIRUS;;CMCMP00302,CMCMP00301,CMCMM00367,CMCMG00375,CMCMGG00292
Camisa ;com manga;WASP I;;Wasp;;Camisa com manga Wasp I;;;52;12;25;;G_CM_WASP_I;;CMCMM00335,CMCMG00338,CMCMGG00257
Camisa ;com manga;WHITESNAKE LOVE;;Whitesnake;;Camisa com manga Whitesnake Love;;;340;12,5;25;;G_CM_WHITESNAKE_LOVE;;CMCMM00234,CMCMG00235,CMCMGG00169
Camisa ;com manga;YES FLY FROM;;Yes;;Camisa com manga Yes Fly From;;;362;12;25;;G_CM_YES_FLY_FROM;;CMCMM00333,CMCMG00336,CMCMGG00256
Camisa ;com manga;YES FRAGILE;;Yes;;Camisa com manga Yes Fragile;;;;12;25;;G_CM_YES_FRAGILE;;CMCMM00331,CMCMG00334,CMCMGG00254,CMCMXGG00011
Camisa ;com manga;YES LOGO;;Yes;;Camisa com manga Yes Logo;;;361;12;25;;G_CM_YES_LOGO;;CMCMM00332,CMCMG00335,CMCMGG00255
Camisa ;com manga;ZILDJIAN;;Instrumentos Musicais;;Camisa com manga Zildjian;;;126;11;25;;G_CM_ZILDJIAN;;CMCMP00028,CMCMM00097,CMCMG00094,CMCMGG00048
